Date,Open*,High,Low,Close**,Volume,Market Cap
"Jan 26, 2020",2.46,2.57,2.44,2.57,"101,906,615","900,053,582"
"Jan 25, 2020",2.5,2.51,2.43,2.46,"96,793,337","859,784,045"
"Jan 24, 2020",2.47,2.53,2.37,2.5,"121,390,827","876,536,363"
"Jan 23, 2020",2.65,2.65,2.44,2.46,"128,284,126","861,738,068"
"Jan 22, 2020",2.68,2.69,2.63,2.65,"97,214,236","925,953,608"
"Jan 21, 2020",2.7,2.74,2.58,2.67,"118,493,954","935,742,614"
"Jan 20, 2020",2.62,2.74,2.55,2.7,"149,645,626","944,054,524"
"Jan 19, 2020",2.78,2.84,2.56,2.62,"175,287,789","916,632,784"
"Jan 18, 2020",2.72,2.79,2.6,2.77,"167,529,444","970,936,771"
"Jan 17, 2020",2.48,2.84,2.47,2.72,"257,924,221","953,438,176"
"Jan 16, 2020",2.41,2.5,2.3,2.48,"143,515,776","869,567,505"
"Jan 15, 2020",2.38,2.57,2.36,2.4,"149,371,800","841,742,041"
"Jan 14, 2020",2.19,2.45,2.18,2.39,"135,612,258","836,474,276"
"Jan 13, 2020",2.24,2.24,2.16,2.19,"78,803,227","767,358,644"
"Jan 12, 2020",2.28,2.31,2.23,2.25,"87,342,008","785,817,532"
"Jan 11, 2020",2.22,2.33,2.22,2.28,"107,902,217","799,136,443"
"Jan 10, 2020",2.19,2.26,2.16,2.22,"109,888,554","778,385,770"
"Jan 09, 2020",2.18,2.23,2.11,2.19,"109,938,413","765,117,095"
"Jan 08, 2020",2.11,2.33,2.11,2.18,"192,821,111","764,262,022"
"Jan 07, 2020",1.93,2.13,1.91,2.11,"140,921,324","739,934,210"
"Jan 06, 2020",1.81,1.94,1.81,1.94,"80,941,179","678,112,936"
"Jan 05, 2020",1.84,1.86,1.8,1.81,"55,235,942","632,725,379"
"Jan 04, 2020",1.81,1.85,1.79,1.84,"49,108,150","644,046,686"
"Jan 03, 2020",1.74,1.83,1.71,1.81,"61,298,048","633,397,911"
"Jan 02, 2020",1.81,1.82,1.72,1.74,"52,729,126","609,400,278"
"Jan 01, 2020",1.77,1.85,1.76,1.81,"69,723,037","632,324,086"
"Dec 31, 2019",1.84,1.84,1.76,1.77,"58,903,187","619,314,954"
"Dec 30, 2019",1.9,1.91,1.83,1.84,"57,136,151","643,640,851"
"Dec 29, 2019",1.87,1.92,1.86,1.9,"53,574,998","665,841,559"
"Dec 28, 2019",1.89,1.91,1.87,1.87,"53,567,273","656,018,147"
"Dec 27, 2019",1.86,1.95,1.85,1.89,"74,031,488","660,276,978"
"Dec 26, 2019",1.81,1.94,1.79,1.86,"79,180,350","651,630,010"
"Dec 25, 2019",1.86,1.86,1.79,1.8,"86,020,952","631,665,436"
"Dec 24, 2019",1.88,1.89,1.84,1.86,"131,772,813","652,092,016"
"Dec 23, 2019",1.94,1.96,1.86,1.88,"130,569,408","656,897,477"
"Dec 22, 2019",1.87,1.95,1.87,1.94,"120,076,955","677,398,756"
"Dec 21, 2019",1.92,1.93,1.87,1.87,"88,336,767","655,789,073"
"Dec 20, 2019",1.82,1.92,1.8,1.92,"124,354,682","673,201,642"
"Dec 19, 2019",1.88,1.89,1.75,1.82,"150,914,459","637,172,404"
"Dec 18, 2019",1.76,1.88,1.66,1.88,"209,932,252","658,252,398"
"Dec 17, 2019",1.98,2.01,1.72,1.76,"172,213,180","614,723,071"
"Dec 16, 2019",2.09,2.09,1.98,1.98,"97,454,140","693,554,053"
"Dec 15, 2019",2.01,2.12,1.98,2.09,"114,518,248","730,394,059"
"Dec 14, 2019",2.08,2.09,1.99,2.01,"105,295,566","703,740,129"
"Dec 13, 2019",2.12,2.13,2.07,2.08,"117,843,001","727,058,616"
"Dec 12, 2019",2.18,2.2,2.05,2.12,"142,758,973","741,674,953"
"Dec 11, 2019",2.27,2.3,2.15,2.18,"138,162,558","762,317,077"
"Dec 10, 2019",2.09,2.28,2.07,2.27,"218,763,851","794,729,934"
"Dec 09, 2019",2.06,2.09,2.02,2.09,"147,696,805","731,861,045"
"Dec 08, 2019",2.06,2.09,2.03,2.06,"103,114,465","720,652,032"
"Dec 07, 2019",2.09,2.11,2.05,2.06,"88,418,201","721,417,209"
"Dec 06, 2019",2.03,2.1,1.99,2.09,"113,399,318","732,354,664"
"Dec 05, 2019",2.05,2.11,1.97,2.03,"126,219,927","709,032,623"
"Dec 04, 2019",2.13,2.14,2.02,2.05,"145,162,286","717,028,178"
"Dec 03, 2019",2.09,2.2,2.05,2.13,"109,854,018","745,494,808"
"Dec 02, 2019",2.17,2.18,2.07,2.09,"116,492,201","733,241,502"
"Dec 01, 2019",2.24,2.24,2.14,2.17,"136,819,693","758,496,044"
"Nov 30, 2019",2.34,2.36,2.22,2.24,"123,021,580","784,726,634"
"Nov 29, 2019",2.28,2.36,2.27,2.34,"160,656,952","819,917,110"
"Nov 28, 2019",2.23,2.33,2.19,2.27,"146,006,115","795,173,797"
"Nov 27, 2019",2.26,2.29,2.14,2.23,"149,542,925","780,208,040"
"Nov 26, 2019",2.27,2.36,2.18,2.28,"143,568,310","796,749,927"
"Nov 25, 2019",2.26,2.38,2.06,2.28,"170,091,780","796,272,797"
"Nov 24, 2019",2.45,2.47,2.25,2.26,"149,929,050","789,526,615"
"Nov 23, 2019",2.35,2.46,2.27,2.45,"149,356,394","856,598,472"
"Nov 22, 2019",2.55,2.59,2.17,2.35,"201,718,065","823,152,707"
"Nov 21, 2019",2.71,2.71,2.48,2.55,"167,317,924","892,383,619"
"Nov 20, 2019",2.75,2.83,2.66,2.71,"167,970,679","947,893,228"
"Nov 19, 2019",2.82,2.86,2.61,2.76,"174,284,233","964,799,660"
"Nov 18, 2019",2.93,2.98,2.77,2.83,"126,598,447","989,313,501"
"Nov 17, 2019",3.01,3.01,2.9,2.93,"99,099,080","1,026,161,955"
"Nov 16, 2019",3.03,3.05,2.94,3.01,"95,813,206","1,053,615,962"
"Nov 15, 2019",3.06,3.08,2.86,3.04,"157,665,192","1,062,303,298"
"Nov 14, 2019",3.02,3.18,2.96,3.06,"198,792,071","1,072,062,494"
"Nov 13, 2019",2.81,3.08,2.79,3.02,"209,362,104","1,056,401,597"
"Nov 12, 2019",2.75,2.87,2.74,2.82,"148,585,749","986,233,985"
"Nov 11, 2019",2.78,2.78,2.69,2.75,"94,732,322","962,614,077"
"Nov 10, 2019",2.8,2.85,2.73,2.78,"145,643,657","973,925,991"
"Nov 09, 2019",2.72,2.86,2.71,2.8,"152,872,881","981,382,996"
"Nov 08, 2019",2.69,2.73,2.64,2.72,"133,302,910","950,824,378"
"Nov 07, 2019",2.74,2.75,2.63,2.69,"139,483,618","941,759,562"
"Nov 06, 2019",2.68,2.81,2.66,2.74,"152,746,471","959,075,304"
"Nov 05, 2019",2.68,2.7,2.64,2.68,"119,153,856","938,931,715"
"Nov 04, 2019",2.67,2.73,2.65,2.69,"122,384,989","940,363,180"
"Nov 03, 2019",2.71,2.72,2.65,2.67,"106,456,374","935,129,239"
"Nov 02, 2019",2.72,2.76,2.69,2.71,"88,544,063","948,628,146"
"Nov 01, 2019",2.74,2.8,2.66,2.72,"118,225,225","952,007,823"
"Oct 31, 2019",2.62,2.76,2.56,2.74,"118,140,976","958,275,491"
"Oct 30, 2019",2.67,2.68,2.53,2.62,"101,740,209","918,473,995"
"Oct 29, 2019",2.67,2.77,2.65,2.67,"109,381,921","934,515,459"
"Oct 28, 2019",2.68,2.89,2.67,2.67,"157,224,840","935,190,881"
"Oct 27, 2019",2.75,2.77,2.62,2.68,"135,864,814","936,411,528"
"Oct 26, 2019",2.84,2.99,2.67,2.75,"231,729,603","963,198,914"
"Oct 25, 2019",2.75,2.93,2.65,2.84,"210,307,337","993,331,438"
"Oct 24, 2019",2.62,2.79,2.61,2.75,"175,558,916","963,071,165"
"Oct 23, 2019",2.61,2.69,2.43,2.61,"190,350,548","914,374,505"
"Oct 22, 2019",2.63,2.82,2.58,2.61,"172,462,583","911,941,836"
"Oct 21, 2019",2.44,2.67,2.44,2.63,"174,716,569","921,215,529"
"Oct 20, 2019",2.36,2.44,2.3,2.44,"86,836,834","854,512,429"
"Oct 19, 2019",2.36,2.4,2.3,2.36,"85,270,342","825,810,063"
"Oct 18, 2019",2.42,2.51,2.34,2.36,"105,032,862","825,498,606"
"Oct 17, 2019",2.39,2.48,2.29,2.42,"139,155,340","848,439,470"
"Oct 16, 2019",2.4,2.42,2.2,2.39,"158,475,686","836,937,086"
"Oct 15, 2019",2.54,2.6,2.35,2.39,"110,301,011","838,177,179"
"Oct 14, 2019",2.5,2.67,2.47,2.54,"116,069,815","888,883,511"
"Oct 13, 2019",2.6,2.65,2.46,2.5,"107,136,821","874,110,354"
"Oct 12, 2019",2.78,2.78,2.57,2.61,"120,045,685","912,493,135"
"Oct 11, 2019",2.64,2.81,2.59,2.77,"200,123,734","970,326,221"
"Oct 10, 2019",2.81,2.81,2.5,2.64,"249,559,325","922,420,687"
"Oct 09, 2019",2.58,2.94,2.52,2.8,"329,507,431","981,348,417"
"Oct 08, 2019",2.4,2.63,2.28,2.58,"224,096,110","902,338,849"
"Oct 07, 2019",2.19,2.49,2.13,2.4,"202,190,935","840,650,623"
"Oct 06, 2019",1.97,2.27,1.96,2.19,"126,356,581","765,835,879"
"Oct 05, 2019",1.98,1.98,1.92,1.97,"96,574,706","688,101,396"
"Oct 04, 2019",1.95,2,1.91,1.98,"77,454,029","692,586,222"
"Oct 03, 2019",2.02,2.03,1.9,1.95,"101,098,441","682,863,179"
"Oct 02, 2019",1.84,2.02,1.83,2.02,"102,294,409","705,830,998"
"Oct 01, 2019",1.76,1.9,1.76,1.84,"91,602,849","643,757,763"
"Sep 30, 2019",1.72,1.77,1.65,1.76,"84,068,855","617,227,495"
"Sep 29, 2019",1.69,1.75,1.67,1.72,"85,120,108","601,027,004"
"Sep 28, 2019",1.67,1.71,1.66,1.69,"71,435,514","590,578,652"
"Sep 27, 2019",1.66,1.68,1.58,1.67,"90,213,617","584,556,447"
"Sep 26, 2019",1.76,1.76,1.56,1.66,"112,008,341","580,641,588"
"Sep 25, 2019",1.74,1.93,1.65,1.76,"161,634,833","616,065,986"
"Sep 24, 2019",1.81,2.06,1.59,1.74,"218,580,528","607,533,240"
"Sep 23, 2019",1.82,1.89,1.79,1.81,"76,114,156","632,571,593"
"Sep 22, 2019",1.89,1.89,1.78,1.82,"63,224,058","637,490,132"
"Sep 21, 2019",1.83,1.89,1.8,1.89,"76,844,379","661,291,923"
"Sep 20, 2019",1.88,1.88,1.77,1.83,"75,449,475","639,712,666"
"Sep 19, 2019",1.81,1.91,1.75,1.88,"133,273,165","656,554,430"
"Sep 18, 2019",1.63,1.85,1.63,1.81,"112,613,412","633,437,288"
"Sep 17, 2019",1.58,1.66,1.56,1.63,"74,897,534","570,303,195"
"Sep 16, 2019",1.62,1.64,1.55,1.58,"62,082,506","553,502,262"
"Sep 15, 2019",1.57,1.65,1.57,1.62,"64,455,918","566,133,842"
"Sep 14, 2019",1.58,1.64,1.54,1.57,"82,000,174","547,786,749"
"Sep 13, 2019",1.71,1.71,1.53,1.58,"95,116,689","553,326,582"
"Sep 12, 2019",1.74,1.75,1.68,1.71,"61,903,495","597,673,768"
"Sep 11, 2019",1.8,1.83,1.72,1.73,"67,247,430","607,189,371"
"Sep 10, 2019",1.79,1.83,1.79,1.8,"66,969,746","630,745,598"
"Sep 09, 2019",1.83,1.87,1.77,1.8,"96,518,480","628,912,446"
"Sep 08, 2019",1.78,1.9,1.78,1.83,"88,855,921","640,837,508"
"Sep 07, 2019",1.73,1.81,1.72,1.78,"71,006,363","621,936,130"
"Sep 06, 2019",1.8,1.82,1.71,1.73,"72,212,080","606,023,566"
"Sep 05, 2019",1.78,1.86,1.77,1.8,"69,409,152","629,259,272"
"Sep 04, 2019",1.85,1.86,1.75,1.79,"70,884,788","624,835,582"
"Sep 03, 2019",1.83,1.93,1.82,1.85,"80,326,910","649,140,668"
"Sep 02, 2019",1.77,1.89,1.74,1.83,"63,004,422","641,721,122"
"Sep 01, 2019",1.79,1.8,1.73,1.78,"43,571,942","621,326,044"
"Aug 31, 2019",1.8,1.85,1.75,1.79,"51,356,763","626,580,727"
"Aug 30, 2019",1.78,1.89,1.75,1.81,"57,285,240","632,233,170"
"Aug 29, 2019",1.9,1.9,1.75,1.78,"83,335,306","624,201,412"
"Aug 28, 2019",2.11,2.11,1.89,1.9,"59,193,724","665,135,295"
"Aug 27, 2019",2.08,2.16,2.03,2.11,"62,275,881","737,513,471"
"Aug 26, 2019",2.09,2.16,2.06,2.08,"54,292,215","726,896,842"
"Aug 25, 2019",2.18,2.19,2.04,2.09,"59,471,445","729,777,073"
"Aug 24, 2019",2.25,2.26,2.17,2.19,"50,546,812","764,817,282"
"Aug 23, 2019",2.23,2.31,2.19,2.25,"85,783,321","788,655,768"
"Aug 22, 2019",2.22,2.29,2.16,2.23,"71,961,706","780,353,505"
"Aug 21, 2019",2.38,2.39,2.17,2.22,"94,589,329","775,709,885"
"Aug 20, 2019",2.5,2.54,2.36,2.38,"71,968,212","833,161,949"
"Aug 19, 2019",2.5,2.59,2.45,2.51,"81,955,471","876,803,143"
"Aug 18, 2019",2.39,2.55,2.37,2.5,"74,479,050","874,873,977"
"Aug 17, 2019",2.32,2.4,2.31,2.39,"45,504,193","837,686,344"
"Aug 16, 2019",2.41,2.44,2.25,2.32,"71,099,710","812,662,694"
"Aug 15, 2019",2.28,2.43,2.22,2.41,"78,723,315","844,460,611"
"Aug 14, 2019",2.41,2.56,2.21,2.27,"117,748,508","794,901,897"
"Aug 13, 2019",2.38,2.44,2.32,2.41,"61,913,129","844,577,979"
"Aug 12, 2019",2.41,2.46,2.35,2.38,"53,991,936","832,992,225"
"Aug 11, 2019",2.32,2.47,2.28,2.4,"75,758,084","838,892,496"
"Aug 10, 2019",2.18,2.38,2.15,2.32,"88,304,426","812,899,281"
"Aug 09, 2019",2.29,2.3,2.17,2.18,"49,294,449","762,704,421"
"Aug 08, 2019",2.4,2.4,2.29,2.29,"56,631,921","801,179,369"
"Aug 07, 2019",2.46,2.49,2.37,2.39,"69,024,403","837,149,418"
"Aug 06, 2019",2.48,2.52,2.35,2.46,"95,016,633","861,234,531"
"Aug 05, 2019",2.5,2.63,2.48,2.48,"87,397,910","869,531,173"
"Aug 04, 2019",2.42,2.6,2.42,2.5,"95,419,755","874,189,201"
"Aug 03, 2019",2.4,2.72,2.34,2.43,"158,068,000","848,917,776"
"Aug 02, 2019",2.18,2.45,2.15,2.4,"88,993,103","839,928,316"
"Aug 01, 2019",2.2,2.23,2.12,2.18,"46,293,195","763,440,117"
"Jul 31, 2019",2.09,2.22,2.08,2.2,"59,937,401","768,893,256"
"Jul 30, 2019",2.14,2.18,2.01,2.09,"63,663,046","731,198,581"
"Jul 29, 2019",2.22,2.24,2.13,2.14,"41,163,755","749,106,534"
"Jul 28, 2019",2.26,2.29,2.13,2.22,"37,139,642","776,205,287"
"Jul 27, 2019",2.4,2.46,2.23,2.26,"57,981,370","790,468,087"
"Jul 26, 2019",2.38,2.43,2.35,2.4,"38,644,891","841,246,588"
"Jul 25, 2019",2.41,2.52,2.38,2.38,"60,195,321","834,488,658"
"Jul 24, 2019",2.37,2.46,2.3,2.41,"78,623,000","841,888,630"
"Jul 23, 2019",2.42,2.5,2.26,2.37,"66,520,544","829,846,812"
"Jul 22, 2019",2.55,2.59,2.4,2.43,"48,393,920","849,005,263"
"Jul 21, 2019",2.64,2.67,2.5,2.55,"48,335,818","892,624,348"
"Jul 20, 2019",2.61,2.72,2.6,2.64,"67,423,557","925,624,353"
"Jul 19, 2019",2.68,2.75,2.52,2.61,"71,363,583","913,097,864"
"Jul 18, 2019",2.38,2.79,2.35,2.68,"142,714,502","937,681,898"
"Jul 17, 2019",2.19,2.57,2.07,2.38,"135,564,356","832,896,515"
"Jul 16, 2019",2.73,2.77,2.18,2.2,"82,850,036","769,177,557"
"Jul 15, 2019",2.79,2.84,2.6,2.73,"95,812,874","954,972,344"
"Jul 14, 2019",3.17,3.24,2.78,2.79,"95,436,164","975,583,149"
"Jul 13, 2019",3.18,3.27,3.05,3.17,"144,234,535","1,109,669,612"
"Jul 12, 2019",2.83,3.27,2.67,3.17,"162,546,196","1,110,847,783"
"Jul 11, 2019",3.12,3.14,2.78,2.83,"118,728,040","989,498,969"
"Jul 10, 2019",3.11,3.22,2.88,3.12,"172,059,406","1,091,411,807"
"Jul 09, 2019",3.34,3.38,2.98,3.11,"177,238,039","1,089,532,123"
"Jul 08, 2019",3.31,3.55,3.27,3.34,"111,053,367","1,167,515,193"
"Jul 07, 2019",3.48,3.51,3.28,3.31,"97,053,705","1,160,024,637"
"Jul 06, 2019",3.63,3.63,3.46,3.48,"100,575,087","1,216,907,978"
"Jul 05, 2019",3.48,3.7,3.45,3.62,"191,209,597","1,267,753,706"
"Jul 04, 2019",3.53,3.62,3.31,3.48,"178,867,441","1,219,711,940"
"Jul 03, 2019",3.65,3.79,3.53,3.53,"204,354,523","1,236,607,323"
"Jul 02, 2019",3.59,3.82,3.23,3.65,"424,338,055","1,275,902,459"
"Jul 01, 2019",3.45,3.76,2.95,3.59,"377,055,673","1,257,190,706"
"Jun 30, 2019",3.71,4.09,3.39,3.45,"434,865,872","1,206,411,075"
"Jun 29, 2019",2.96,4.54,2.9,3.7,"953,804,527","1,296,103,164"
"Jun 28, 2019",2.27,2.98,2.17,2.96,"229,612,906","1,036,638,992"
"Jun 27, 2019",2.26,2.52,2.07,2.27,"136,956,672","793,662,091"
"Jun 26, 2019",2.19,2.42,2.01,2.26,"179,571,545","791,545,865"
"Jun 25, 2019",1.86,2.41,1.86,2.19,"199,041,263","766,399,120"
"Jun 24, 2019",1.8,1.88,1.79,1.86,"30,278,025","651,116,941"
"Jun 23, 2019",1.84,1.9,1.76,1.8,"47,203,299","630,481,077"
"Jun 22, 2019",1.69,1.93,1.69,1.84,"65,320,899","643,493,677"
"Jun 21, 2019",1.77,1.79,1.62,1.7,"56,871,937","596,004,725"
"Jun 20, 2019",1.84,1.88,1.69,1.77,"40,500,786","617,942,688"
"Jun 19, 2019",1.82,1.9,1.8,1.84,"38,209,064","643,454,346"
"Jun 18, 2019",1.97,2.02,1.77,1.82,"117,480,216","636,487,947"
"Jun 17, 2019",1.67,2.03,1.67,1.97,"158,900,877","690,072,343"
"Jun 16, 2019",1.72,1.78,1.62,1.67,"119,199,289","585,701,350"
"Jun 15, 2019",1.68,1.79,1.63,1.72,"149,453,818","602,456,049"
"Jun 14, 2019",1.85,1.88,1.47,1.68,"344,143,609","586,795,264"
"Jun 13, 2019",1.14,1.95,1.13,1.85,"318,719,301","646,771,978"
"Jun 12, 2019",1.14,1.16,1.11,1.14,"27,563,661","399,965,629"
"Jun 11, 2019",1.19,1.19,1.1,1.14,"25,861,024","398,406,699"
"Jun 10, 2019",1.07,1.19,1.06,1.19,"25,489,176","417,100,427"
"Jun 09, 2019",1.15,1.16,1.04,1.07,"20,498,196","375,638,528"
"Jun 08, 2019",1.18,1.2,1.14,1.15,"18,457,927","403,416,987"
"Jun 07, 2019",1.11,1.24,1.08,1.18,"50,396,874","412,164,418"
"Jun 06, 2019",1.08,1.24,1.06,1.12,"74,387,222","391,871,524"
"Jun 05, 2019",0.88325,1.08,0.88325,1.08,"62,912,027","376,991,267"
"Jun 04, 2019",0.908429,0.931625,0.857405,0.88325,"25,054,880","309,137,609"
"Jun 03, 2019",1.01,1.01,0.903734,0.910969,"19,415,847","318,839,080"
"Jun 02, 2019",0.965132,1.04,0.948151,1.01,"23,376,401","354,351,973"
"Jun 01, 2019",1.02,1.05,0.964412,0.965132,"29,166,848","337,796,271"
"May 31, 2019",1.02,1.05,0.962933,1.02,"48,729,261","357,531,895"
"May 30, 2019",1.18,1.22,0.97137,1.02,"71,072,187","358,662,835"
"May 29, 2019",1.28,1.28,1.16,1.18,"41,812,375","413,975,944"
"May 28, 2019",1.21,1.33,1.15,1.28,"55,908,377","446,386,194"
"May 27, 2019",1.09,1.27,1.09,1.21,"58,681,258","423,853,821"
"May 26, 2019",1.13,1.18,1.04,1.09,"43,379,101","380,472,881"
"May 25, 2019",1.34,1.34,1.11,1.13,"52,065,174","395,259,087"
"May 24, 2019",1.34,1.42,1.24,1.34,"52,112,753","467,935,969"
"May 23, 2019",1.22,1.36,1.17,1.34,"62,796,580","470,746,721"
"May 22, 2019",1.18,1.47,1.16,1.22,"118,738,675","427,015,235"
"May 21, 2019",1.12,1.23,1.07,1.19,"98,438,799","415,073,110"
"May 20, 2019",0.993931,1.13,0.953604,1.13,"28,566,429","395,128,179"
"May 19, 2019",0.935665,1.04,0.92943,0.99435,"39,610,667","348,022,497"
"May 18, 2019",0.887731,0.95759,0.861204,0.934154,"20,589,987","326,954,044"
"May 17, 2019",0.926456,0.97876,0.815716,0.887731,"39,447,831","310,705,812"
"May 16, 2019",0.844518,0.9361,0.773683,0.926125,"33,573,495","324,143,612"
"May 15, 2019",0.825101,0.877251,0.786645,0.845574,"20,109,177","295,950,928"
"May 14, 2019",0.646799,0.923087,0.637336,0.823082,"42,446,071","288,078,581"
"May 13, 2019",0.65799,0.684658,0.641344,0.646697,"10,869,526","226,343,857"
"May 12, 2019",0.68049,0.697553,0.632952,0.65799,"11,180,413","230,296,513"
"May 11, 2019",0.671543,0.731236,0.654661,0.678823,"17,115,294","237,588,178"
"May 10, 2019",0.639472,0.723333,0.639021,0.67146,"17,084,493","235,011,049"
"May 09, 2019",0.591537,0.697156,0.588824,0.639849,"23,088,642","223,947,011"
"May 08, 2019",0.544176,0.611642,0.525372,0.591537,"9,757,958","207,038,074"
"May 07, 2019",0.578788,0.612012,0.544724,0.544724,"16,169,094","190,653,521"
"May 06, 2019",0.506408,0.58415,0.492072,0.57812,"11,999,352","202,342,028"
"May 05, 2019",0.49514,0.520908,0.49147,0.506979,"4,844,367","177,442,700"
"May 04, 2019",0.512165,0.51478,0.481348,0.494995,"4,501,322","173,248,139"
"May 03, 2019",0.463472,0.521838,0.460731,0.512165,"6,755,514","179,257,760"
"May 02, 2019",0.476051,0.477187,0.462566,0.463421,"3,212,373","162,197,465"
"May 01, 2019",0.473559,0.489426,0.467288,0.476025,"4,255,127","166,608,665"
"Apr 30, 2019",0.433853,0.473625,0.432954,0.47317,"6,117,527","165,609,469"
"Apr 29, 2019",0.448739,0.451101,0.428721,0.433501,"5,230,685","151,725,351"
"Apr 28, 2019",0.441522,0.457403,0.440225,0.448218,"4,170,835","156,876,126"
"Apr 27, 2019",0.43717,0.459038,0.433999,0.441571,"3,901,156","154,549,706"
"Apr 26, 2019",0.445525,0.457116,0.42593,0.436926,"5,505,480","152,924,256"
"Apr 25, 2019",0.478279,0.500135,0.440754,0.445506,"6,760,468","155,927,053"
"Apr 24, 2019",0.481483,0.481483,0.446669,0.478313,"7,281,840","167,409,434"
"Apr 23, 2019",0.495666,0.503501,0.481483,0.481483,"6,260,080","168,519,003"
"Apr 22, 2019",0.499349,0.518363,0.489451,0.496664,"5,966,146","173,832,277"
"Apr 21, 2019",0.515529,0.516346,0.481099,0.499498,"5,015,660","174,824,315"
"Apr 20, 2019",0.514467,0.531926,0.508351,0.515661,"4,637,764","180,481,253"
"Apr 19, 2019",0.52392,0.538236,0.510728,0.51427,"5,918,321","179,994,496"
"Apr 18, 2019",0.49984,0.524362,0.49984,0.524362,"4,816,738","183,526,781"
"Apr 17, 2019",0.503032,0.507384,0.492098,0.500259,"4,224,360","175,090,817"
"Apr 16, 2019",0.491902,0.51562,0.491823,0.503054,"4,307,086","176,068,779"
"Apr 15, 2019",0.52874,0.52874,0.485267,0.492214,"6,369,018","172,274,842"
"Apr 14, 2019",0.539316,0.546824,0.512053,0.52874,"5,680,703","185,059,171"
"Apr 13, 2019",0.495333,0.541624,0.494792,0.539208,"7,063,057","188,722,677"
"Apr 12, 2019",0.485395,0.515451,0.460543,0.49535,"6,616,811","173,372,567"
"Apr 11, 2019",0.520977,0.522058,0.460694,0.486123,"7,966,598","170,142,918"
"Apr 10, 2019",0.534443,0.53869,0.517878,0.520257,"8,226,906","182,089,916"
"Apr 09, 2019",0.568899,0.568899,0.525419,0.53468,"7,970,929","187,137,933"
"Apr 08, 2019",0.577537,0.588704,0.545413,0.568899,"9,889,748","199,114,822"
"Apr 07, 2019",0.569635,0.587925,0.568781,0.577119,"6,038,857","201,991,507"
"Apr 06, 2019",0.577593,0.586439,0.56289,0.57011,"7,641,845","199,538,351"
"Apr 05, 2019",0.541969,0.581019,0.541719,0.577468,"7,928,035","202,113,893"
"Apr 04, 2019",0.564471,0.583761,0.524932,0.54224,"11,153,064","189,784,007"
"Apr 03, 2019",0.583602,0.60535,0.54711,0.565453,"13,494,096","197,908,509"
"Apr 02, 2019",0.55576,0.600143,0.538438,0.584279,"16,414,974","204,497,754"
"Apr 01, 2019",0.508822,0.55901,0.502701,0.556138,"11,605,651","194,648,237"
"Mar 31, 2019",0.494278,0.53564,0.488088,0.507613,"9,259,723","177,664,598"
"Mar 30, 2019",0.498974,0.517915,0.484092,0.494278,"3,395,827","172,997,221"
"Mar 29, 2019",0.503459,0.504325,0.49094,0.499502,"4,239,835","174,825,731"
"Mar 28, 2019",0.500018,0.515897,0.492195,0.503459,"6,329,645","176,210,776"
"Mar 27, 2019",0.464117,0.503666,0.461459,0.499871,"6,237,410","174,954,769"
"Mar 26, 2019",0.475201,0.482013,0.453718,0.463601,"6,231,819","162,260,295"
"Mar 25, 2019",0.457155,0.488948,0.45033,0.476395,"8,467,627","166,738,405"
"Mar 24, 2019",0.463184,0.463754,0.452962,0.456405,"3,100,039","159,741,728"
"Mar 23, 2019",0.466228,0.467981,0.459142,0.463084,"2,494,600","162,079,235"
"Mar 22, 2019",0.460479,0.469147,0.45295,0.466446,"3,835,633","163,256,018"
"Mar 21, 2019",0.4858,0.486737,0.449624,0.461061,"4,652,789","161,371,279"
"Mar 20, 2019",0.485134,0.493797,0.478777,0.486086,"3,511,170","170,130,073"
"Mar 19, 2019",0.480655,0.485468,0.474479,0.485391,"2,894,766","169,886,753"
"Mar 18, 2019",0.48423,0.486447,0.471952,0.480714,"3,415,764","168,249,917"
"Mar 17, 2019",0.485642,0.488046,0.477323,0.483685,"7,196,927","169,289,685"
"Mar 16, 2019",0.490123,0.495906,0.477491,0.485599,"7,199,555","169,959,638"
"Mar 15, 2019",0.490593,0.497047,0.487662,0.490087,"3,912,307","171,530,373"
"Mar 14, 2019",0.484472,0.498457,0.480215,0.491097,"10,961,574","171,884,118"
"Mar 13, 2019",0.488498,0.489492,0.473605,0.48451,"6,203,981","169,578,470"
"Mar 12, 2019",0.468989,0.506671,0.461123,0.488552,"9,177,232","170,993,152"
"Mar 11, 2019",0.502303,0.514857,0.462762,0.46749,"11,191,637","163,621,430"
"Mar 10, 2019",0.477753,0.546149,0.47168,0.501768,"14,548,536","175,618,843"
"Mar 09, 2019",0.465638,0.483478,0.457612,0.477456,"7,457,248","167,109,642"
"Mar 08, 2019",0.456038,0.513961,0.456038,0.466202,"14,303,158","163,170,755"
"Mar 07, 2019",0.433013,0.47754,0.430243,0.455832,"7,330,127","159,541,169"
"Mar 06, 2019",0.432834,0.440171,0.424048,0.431821,"4,082,793","151,137,385"
"Mar 05, 2019",0.407985,0.432997,0.406767,0.432997,"6,561,919","151,549,045"
"Mar 04, 2019",0.422797,0.427474,0.400721,0.407811,"3,710,145","142,733,863"
"Mar 03, 2019",0.426864,0.432958,0.422492,0.424169,"1,849,996","148,459,049"
"Mar 02, 2019",0.431073,0.438003,0.423016,0.427787,"2,339,649","149,725,369"
"Mar 01, 2019",0.42721,0.442263,0.423619,0.431785,"3,667,815","151,124,739"
"Feb 28, 2019",0.431167,0.445228,0.422652,0.427421,"3,941,979","149,597,202"
"Feb 27, 2019",0.438511,0.447849,0.422632,0.431479,"3,696,949","151,017,630"
"Feb 26, 2019",0.472764,0.475703,0.43592,0.437432,"6,553,450","153,101,366"
"Feb 25, 2019",0.408956,0.470638,0.407175,0.470638,"7,817,871","164,723,462"
"Feb 24, 2019",0.463182,0.464864,0.40481,0.41064,"6,649,844","143,724,138"
"Feb 23, 2019",0.451517,0.462867,0.444993,0.461889,"4,318,600","161,661,081"
"Feb 22, 2019",0.44468,0.459443,0.442613,0.452029,"4,048,573","158,210,223"
"Feb 21, 2019",0.466101,0.475834,0.442442,0.445463,"6,437,539","155,911,935"
"Feb 20, 2019",0.45822,0.474131,0.449128,0.46611,"6,379,429","163,138,410"
"Feb 19, 2019",0.473187,0.479299,0.458156,0.458156,"6,259,916","160,354,681"
"Feb 18, 2019",0.460618,0.482621,0.454602,0.474333,"6,753,508","166,016,565"
"Feb 17, 2019",0.439879,0.472939,0.430112,0.457499,"6,623,800","160,124,725"
"Feb 16, 2019",0.433277,0.444838,0.433277,0.440511,"2,715,140","154,178,777"
"Feb 15, 2019",0.428067,0.442391,0.421697,0.432969,"3,006,564","151,539,099"
"Feb 14, 2019",0.443295,0.445445,0.422198,0.428376,"3,914,369","149,931,672"
"Feb 13, 2019",0.426152,0.444044,0.419635,0.444044,"4,517,365","155,415,427"
"Feb 12, 2019",0.427962,0.434029,0.421859,0.425395,"4,205,375","148,888,416"
"Feb 11, 2019",0.452691,0.452691,0.423454,0.429451,"5,928,665","150,307,799"
"Feb 10, 2019",0.464839,0.480033,0.439995,0.452186,"7,950,326","158,265,149"
"Feb 09, 2019",0.438646,0.479012,0.43302,0.464334,"6,382,735","162,516,967"
"Feb 08, 2019",0.401928,0.443174,0.39869,0.436519,"6,900,024","152,781,612"
"Feb 07, 2019",0.399709,0.406291,0.39333,0.401474,"3,171,282","140,515,984"
"Feb 06, 2019",0.422242,0.422242,0.393226,0.39962,"5,378,906","139,866,994"
"Feb 05, 2019",0.393349,0.43044,0.39043,0.421776,"5,865,307","147,621,682"
"Feb 04, 2019",0.397265,0.409227,0.38808,0.394452,"4,850,155","138,058,129"
"Feb 03, 2019",0.416137,0.416226,0.391219,0.396142,"3,856,282","138,649,652"
"Feb 02, 2019",0.418132,0.431468,0.40194,0.414927,"4,128,147","145,224,462"
"Feb 01, 2019",0.387798,0.428248,0.383756,0.419263,"5,696,881","146,742,214"
"Jan 31, 2019",0.429458,0.440094,0.386335,0.38769,"7,507,124","135,691,624"
"Jan 30, 2019",0.453444,0.453444,0.421108,0.426929,"8,965,899","149,425,068"
"Jan 29, 2019",0.413458,0.462636,0.412659,0.455235,"18,998,440","159,332,250"
"Jan 28, 2019",0.43414,0.43465,0.35793,0.41349,"13,461,911","144,721,540"
"Jan 27, 2019",0.469769,0.469769,0.430183,0.433749,"10,244,607","151,812,147"
"Jan 26, 2019",0.479245,0.491413,0.468378,0.472149,"5,982,204","165,252,211"
"Jan 25, 2019",0.50869,0.51851,0.477191,0.479549,"8,985,719","167,842,286"
"Jan 24, 2019",0.509978,0.511099,0.47908,0.504242,"8,538,515","176,484,747"
"Jan 23, 2019",0.540244,0.55163,0.507175,0.509976,"10,344,545","178,491,610"
"Jan 22, 2019",0.50198,0.565396,0.50198,0.540335,"13,998,683","189,117,145"
"Jan 21, 2019",0.490262,0.524284,0.476899,0.503412,"9,503,123","176,194,054"
"Jan 20, 2019",0.490917,0.49729,0.471904,0.490123,"7,018,434","171,542,899"
"Jan 19, 2019",0.500851,0.500851,0.475322,0.49147,"7,015,260","172,014,468"
"Jan 18, 2019",0.482481,0.507996,0.469729,0.500732,"8,659,548","175,256,028"
"Jan 17, 2019",0.495978,0.498681,0.473998,0.483012,"11,096,121","169,054,158"
"Jan 16, 2019",0.520065,0.541322,0.482514,0.497374,"18,011,677","174,080,781"
"Jan 15, 2019",0.487361,0.557111,0.465549,0.518795,"26,829,916","181,578,132"
"Jan 14, 2019",0.441589,0.498074,0.424715,0.48566,"17,594,771","169,981,024"
"Jan 13, 2019",0.410553,0.451917,0.381357,0.444261,"9,558,626","155,491,200"
"Jan 12, 2019",0.444803,0.469002,0.407561,0.412244,"15,375,000","144,285,540"
"Jan 11, 2019",0.354977,0.46385,0.353391,0.444193,"14,491,941","155,467,564"
"Jan 10, 2019",0.400968,0.406695,0.34656,0.354604,"5,524,822","124,111,323"
"Jan 09, 2019",0.428384,0.435931,0.401065,0.401805,"8,182,734","140,631,739"
"Jan 08, 2019",0.377736,0.424596,0.365395,0.424198,"6,481,963","148,469,448"
"Jan 07, 2019",0.397072,0.409975,0.371402,0.376474,"5,182,374","131,765,950"
"Jan 06, 2019",0.396251,0.402905,0.373846,0.39701,"7,628,848","138,953,564"
"Jan 05, 2019",0.439706,0.443555,0.387636,0.395948,"13,064,911","138,581,888"
"Jan 04, 2019",0.368733,0.450038,0.367064,0.437175,"24,652,793","153,011,387"
"Jan 03, 2019",0.31653,0.372249,0.315525,0.365974,"10,890,273","128,091,007"
"Jan 02, 2019",0.30077,0.318269,0.297464,0.316489,"1,637,715","110,771,092"
"Jan 01, 2019",0.289458,0.30198,0.289407,0.299371,"1,522,529","104,779,850"
"Dec 31, 2018",0.299919,0.302193,0.285003,0.289444,"1,427,065","101,305,557"
"Dec 30, 2018",0.299537,0.314664,0.29508,0.298643,"1,852,488","104,525,175"
"Dec 29, 2018",0.298933,0.318848,0.290561,0.29997,"2,630,385","104,989,447"
"Dec 28, 2018",0.281154,0.301622,0.257564,0.298379,"3,236,126","104,432,787"
"Dec 27, 2018",0.30672,0.310779,0.27316,0.275171,"3,696,029","96,309,875"
"Dec 26, 2018",0.316293,0.318841,0.296311,0.307583,"4,251,937","107,654,193"
"Dec 25, 2018",0.308042,0.321722,0.288652,0.317662,"4,949,793","111,181,784"
"Dec 24, 2018",0.314183,0.331237,0.300437,0.307952,"3,333,646","107,783,370"
"Dec 23, 2018",0.313058,0.320195,0.301084,0.313261,"2,828,792","109,641,510"
"Dec 22, 2018",0.298164,0.311306,0.286961,0.311306,"3,110,687","108,957,073"
"Dec 21, 2018",0.340056,0.341128,0.292681,0.298483,"4,301,773","104,469,142"
"Dec 20, 2018",0.295162,0.345179,0.29281,0.338506,"9,490,875","118,477,117"
"Dec 19, 2018",0.272329,0.312698,0.26493,0.296346,"5,660,320","103,720,962"
"Dec 18, 2018",0.233623,0.271144,0.228102,0.270225,"3,884,847","94,578,831"
"Dec 17, 2018",0.204694,0.237725,0.204425,0.233422,"2,037,677","81,697,552"
"Dec 16, 2018",0.203568,0.219491,0.203279,0.206882,"1,719,297","72,408,560"
"Dec 15, 2018",0.203787,0.207093,0.199322,0.203357,"1,292,231","71,174,852"
"Dec 14, 2018",0.205921,0.210268,0.199043,0.202932,"1,356,092","71,026,150"
"Dec 13, 2018",0.226988,0.228285,0.20194,0.205696,"1,188,210","71,993,569"
"Dec 12, 2018",0.221575,0.241433,0.22133,0.226759,"1,357,029","79,365,652"
"Dec 11, 2018",0.219478,0.225838,0.211127,0.223391,"923,276","78,186,886"
"Dec 10, 2018",0.239682,0.242904,0.215351,0.219072,"815,587","76,675,209"
"Dec 09, 2018",0.227884,0.246241,0.219745,0.239791,"1,430,497","83,926,770"
"Dec 08, 2018",0.216476,0.244318,0.21193,0.228283,"2,173,231","79,898,994"
"Dec 07, 2018",0.22221,0.223212,0.196705,0.216468,"2,270,701","75,763,778"
"Dec 06, 2018",0.256743,0.270216,0.222732,0.222732,"2,461,190","77,956,051"
"Dec 05, 2018",0.285659,0.292989,0.256613,0.256613,"1,554,730","89,814,396"
"Dec 04, 2018",0.287593,0.310187,0.284313,0.287812,"1,994,609","100,734,096"
"Dec 03, 2018",0.317583,0.318396,0.28405,0.288482,"1,617,950","100,968,609"
"Dec 02, 2018",0.332233,0.344589,0.315039,0.315657,"1,143,867","110,480,027"
"Dec 01, 2018",0.322805,0.344942,0.315273,0.332692,"2,359,405","116,442,288"
"Nov 30, 2018",0.344778,0.38826,0.311531,0.322242,"4,213,313","112,784,611"
"Nov 29, 2018",0.331753,0.384418,0.315004,0.344782,"4,077,698","120,673,703"
"Nov 28, 2018",0.28831,0.350208,0.285821,0.33146,"3,667,720","116,011,000"
"Nov 27, 2018",0.283613,0.307023,0.268116,0.287584,"4,308,920","100,654,400"
"Nov 26, 2018",0.259927,0.284513,0.239467,0.283866,"2,712,730","99,353,100"
"Nov 25, 2018",0.284489,0.284489,0.239775,0.259428,"3,812,450","90,799,800"
"Nov 24, 2018",0.329575,0.339396,0.261923,0.284568,"1,634,890","99,598,800"
"Nov 23, 2018",0.340543,0.35133,0.319733,0.329343,"1,661,750","115,270,050"
"Nov 22, 2018",0.366398,0.384949,0.342961,0.342961,"2,252,920","120,036,350"
"Nov 21, 2018",0.341726,0.377458,0.324775,0.367507,"3,028,430","128,627,450"
"Nov 20, 2018",0.408542,0.419936,0.324131,0.341813,"4,418,950","119,634,550"
"Nov 19, 2018",0.525748,0.525748,0.390645,0.41129,"4,749,190","143,951,500"
"Nov 18, 2018",0.486116,0.532501,0.481317,0.524238,"3,048,070","183,483,300"
"Nov 17, 2018",0.513972,0.515894,0.475894,0.48512,"4,137,480","169,792,000"
"Nov 16, 2018",0.538504,0.53886,0.506062,0.512894,"4,171,370","179,512,900"
"Nov 15, 2018",0.547454,0.559497,0.491501,0.541633,"7,177,480","189,571,550"
"Nov 14, 2018",0.584511,0.614066,0.48713,0.547843,"9,008,150","191,745,050"
"Nov 13, 2018",0.562648,0.621279,0.55339,0.581442,"11,449,100","203,504,700"
"Nov 12, 2018",0.512046,0.5653,0.504897,0.562799,"3,420,880","196,979,650"
"Nov 11, 2018",0.520441,0.525232,0.501918,0.509636,"1,026,380","178,372,600"
"Nov 10, 2018",0.492969,0.527346,0.49052,0.521143,"2,227,350","182,400,050"
"Nov 09, 2018",0.49489,0.499999,0.483278,0.492477,"1,271,700","172,366,950"
"Nov 08, 2018",0.481795,0.522419,0.479117,0.497974,"3,155,890","174,290,900"
"Nov 07, 2018",0.484404,0.489589,0.471198,0.482141,"1,232,730","168,749,350"
"Nov 06, 2018",0.481669,0.491555,0.464432,0.484115,"1,949,590","169,028,650"
"Nov 05, 2018",0.502914,0.513416,0.478931,0.481368,"1,623,590","168,478,800"
"Nov 04, 2018",0.541181,0.543299,0.487832,0.503996,"2,981,540","176,398,600"
"Nov 03, 2018",0.50197,0.55466,0.500238,0.543031,"3,484,070","190,060,850"
"Nov 02, 2018",0.515766,0.524203,0.49807,0.500783,"2,995,750","175,274,050"
"Nov 01, 2018",0.510677,0.583402,0.500286,0.514022,"15,507,100","179,907,700"
"Oct 31, 2018",0.452831,0.527735,0.441729,0.506044,"7,214,500","177,115,400"
"Oct 30, 2018",0.418134,0.459612,0.416247,0.45041,"2,879,160","157,643,500"
"Oct 29, 2018",0.438024,0.43982,0.397705,0.418148,"1,424,720","146,351,800"
"Oct 28, 2018",0.444391,0.447224,0.429002,0.440448,"1,171,860","154,156,800"
"Oct 27, 2018",0.433165,0.457754,0.420503,0.444364,"1,712,840","155,527,400"
"Oct 26, 2018",0.438584,0.445884,0.414242,0.432123,"2,274,910","151,243,050"
"Oct 25, 2018",0.412713,0.442806,0.398309,0.437743,"1,596,200","153,210,050"
"Oct 24, 2018",0.435015,0.437667,0.407978,0.412075,"2,378,480","144,226,250"
"Oct 23, 2018",0.3904,0.482214,0.3904,0.437883,"10,378,700","153,259,050"
"Oct 22, 2018",0.368917,0.392008,0.355149,0.390431,"1,903,340","136,650,850"
"Oct 21, 2018",0.369953,0.378515,0.366153,0.371791,"793,981","130,126,850"
"Oct 20, 2018",0.361531,0.372737,0.358516,0.370766,"761,786","129,768,100"
"Oct 19, 2018",0.375809,0.380194,0.356982,0.361977,"892,791","126,691,950"
"Oct 18, 2018",0.376157,0.396928,0.366221,0.376913,"1,957,950","131,919,550"
"Oct 17, 2018",0.359983,0.38312,0.350594,0.376968,"3,231,860","131,938,800"
"Oct 16, 2018",0.340121,0.367643,0.33645,0.358845,"2,507,920","125,595,750"
"Oct 15, 2018",0.326235,0.350657,0.322104,0.339638,"1,787,330","118,873,300"
"Oct 14, 2018",0.319704,0.334104,0.316103,0.325284,"959,805","113,849,400"
"Oct 13, 2018",0.311916,0.323745,0.311512,0.318843,"602,792","111,595,050"
"Oct 12, 2018",0.303087,0.314708,0.301899,0.311278,"1,180,340","108,947,300"
"Oct 11, 2018",0.347456,0.34844,0.301134,0.303201,"1,584,750","106,120,350"
"Oct 10, 2018",0.339312,0.35676,0.332131,0.347861,"2,540,720","121,751,350"
"Oct 09, 2018",0.343623,0.344227,0.33011,0.339712,"1,409,520","118,899,200"
"Oct 08, 2018",0.337935,0.347392,0.334874,0.343585,"1,334,080","120,254,750"
"Oct 07, 2018",0.337194,0.341053,0.333346,0.337637,"1,286,090","118,172,950"
"Oct 06, 2018",0.359769,0.377053,0.334301,0.338098,"4,656,480","118,334,300"
"Oct 05, 2018",0.32089,0.36668,0.317891,0.356504,"4,114,640","124,776,400"
"Oct 04, 2018",0.310651,0.322559,0.310651,0.32094,"996,871","112,329,000"
"Oct 03, 2018",0.320521,0.321603,0.305997,0.310338,"1,149,830","108,618,300"
"Oct 02, 2018",0.324566,0.327268,0.318859,0.321105,"1,133,880","112,386,750"
"Oct 01, 2018",0.332822,0.333274,0.323218,0.325232,"772,346","113,831,200"
"Sep 30, 2018",0.32891,0.332935,0.320582,0.331898,"896,424","116,164,300"
"Sep 29, 2018",0.334734,0.334734,0.325455,0.329202,"569,884","115,220,700"
"Sep 28, 2018",0.346138,0.349646,0.327474,0.334983,"1,126,520","117,244,050"
"Sep 27, 2018",0.344722,0.349976,0.332093,0.34559,"2,188,310","120,956,500"
"Sep 26, 2018",0.326186,0.377129,0.316625,0.348924,"4,319,900","122,123,400"
"Sep 25, 2018",0.333479,0.347311,0.317065,0.326493,"2,487,050","114,272,550"
"Sep 24, 2018",0.342773,0.353736,0.330714,0.334657,"1,999,280","117,129,950"
"Sep 23, 2018",0.340165,0.347555,0.332853,0.343609,"2,458,210","120,263,150"
"Sep 22, 2018",0.353784,0.353784,0.323429,0.33786,"2,895,180","118,251,000"
"Sep 21, 2018",0.354068,0.374125,0.338948,0.353303,"7,925,320","123,656,050"
"Sep 20, 2018",0.331875,0.424509,0.326369,0.358403,"26,124,800","125,441,050"
"Sep 19, 2018",0.291016,0.344874,0.285346,0.329173,"6,164,950","115,210,550"
"Sep 18, 2018",0.268891,0.305719,0.266162,0.291212,"1,569,640","101,924,200"
"Sep 17, 2018",0.274897,0.282215,0.261128,0.268721,"644,191","94,052,350"
"Sep 16, 2018",0.271143,0.280837,0.260933,0.273865,"699,587","95,852,750"
"Sep 15, 2018",0.269763,0.279133,0.265223,0.269288,"430,008","94,250,800"
"Sep 14, 2018",0.272404,0.272974,0.261806,0.268898,"727,881","94,114,300"
"Sep 13, 2018",0.254156,0.276296,0.25377,0.271776,"780,362","95,121,600"
"Sep 12, 2018",0.260944,0.271943,0.24755,0.253495,"902,340","88,723,250"
"Sep 11, 2018",0.246926,0.267273,0.239959,0.260429,"919,435","91,150,150"
"Sep 10, 2018",0.239819,0.254832,0.239586,0.247807,"608,181","86,732,450"
"Sep 09, 2018",0.241427,0.255482,0.234261,0.239741,"438,981","83,909,350"
"Sep 08, 2018",0.261721,0.276133,0.237862,0.241907,"554,111","84,667,450"
"Sep 07, 2018",0.272267,0.289301,0.258255,0.260662,"1,305,730","91,231,700"
"Sep 06, 2018",0.267087,0.284026,0.245265,0.27239,"1,793,980","95,336,500"
"Sep 05, 2018",0.29976,0.300533,0.265584,0.268699,"1,648,130","94,044,650"
"Sep 04, 2018",0.306679,0.309282,0.292887,0.29972,"1,253,120","104,902,000"
"Sep 03, 2018",0.310924,0.311338,0.294637,0.30394,"697,608","106,379,000"
"Sep 02, 2018",0.328204,0.341612,0.300814,0.310938,"1,355,060","108,828,300"
"Sep 01, 2018",0.32798,0.33432,0.319254,0.328258,"473,642","114,890,300"
"Aug 31, 2018",0.305595,0.332516,0.298245,0.328099,"1,091,390","114,834,650"
"Aug 30, 2018",0.308564,0.314136,0.291036,0.30539,"1,329,920","106,886,500"
"Aug 29, 2018",0.335953,0.337197,0.30871,0.30871,"875,125","108,048,500"
"Aug 28, 2018",0.335245,0.339639,0.325863,0.335793,"1,265,750","117,527,550"
"Aug 27, 2018",0.328734,0.336085,0.323461,0.336085,"643,844","117,629,750"
"Aug 26, 2018",0.318032,0.336788,0.306008,0.328878,"1,134,650","115,107,300"
"Aug 25, 2018",0.335559,0.338505,0.319767,0.319767,"920,084","111,918,450"
"Aug 24, 2018",0.321761,0.341856,0.314113,0.336927,"1,491,040","117,924,450"
"Aug 23, 2018",0.314437,0.322174,0.302736,0.321022,"2,108,960","112,357,700"
"Aug 22, 2018",0.313597,0.34877,0.303965,0.314632,"2,623,480","110,121,200"
"Aug 21, 2018",0.290898,0.334666,0.286131,0.311927,"3,836,640","109,174,450"
"Aug 20, 2018",0.299123,0.305469,0.285545,0.287262,"1,424,350","100,541,700"
"Aug 19, 2018",0.275555,0.311823,0.274852,0.302272,"2,567,610","105,795,200"
"Aug 18, 2018",0.292455,0.297414,0.260974,0.27332,"1,755,680","95,662,000"
"Aug 17, 2018",0.269883,0.294185,0.267399,0.291827,"2,160,710","102,139,450"
"Aug 16, 2018",0.256857,0.279403,0.251698,0.268244,"1,733,710","93,885,400"
"Aug 15, 2018",0.274795,0.279145,0.254971,0.257547,"2,353,510","90,141,450"
"Aug 14, 2018",0.258216,0.272586,0.226687,0.27191,"3,309,590","95,168,500"
"Aug 13, 2018",0.284198,0.298308,0.259292,0.259292,"2,741,600","90,752,200"
"Aug 12, 2018",0.271578,0.288883,0.261435,0.283597,"2,512,980","99,258,950"
"Aug 11, 2018",0.274466,0.281594,0.236959,0.27067,"3,237,720","94,734,500"
"Aug 10, 2018",0.276216,0.312034,0.269657,0.274727,"4,713,140","96,154,450"
"Aug 09, 2018",0.228182,0.300537,0.228182,0.276128,"5,960,760","96,644,800"
"Aug 08, 2018",0.234336,0.236093,0.220033,0.22804,"996,081","79,814,000"
"Aug 07, 2018",0.23486,0.258017,0.232132,0.233997,"1,039,530","81,898,950"
"Aug 06, 2018",0.254249,0.259318,0.23373,0.236471,"723,640","82,764,850"
"Aug 05, 2018",0.256847,0.257437,0.242065,0.253947,"866,923","88,881,450"
"Aug 04, 2018",0.285081,0.286994,0.249021,0.257989,"1,284,510","90,296,150"
"Aug 03, 2018",0.310153,0.310153,0.274588,0.284746,"1,460,180","99,661,100"
"Aug 02, 2018",0.288338,0.317333,0.288202,0.30958,"1,954,190","108,353,000"
"Aug 01, 2018",0.297106,0.308805,0.26952,0.28728,"1,546,730","100,548,000"
"Jul 31, 2018",0.313723,0.313723,0.264631,0.293934,"2,272,300","102,876,900"
"Jul 30, 2018",0.329398,0.358734,0.288956,0.318274,"3,691,130","111,395,900"
"Jul 29, 2018",0.281399,0.346813,0.276922,0.328679,"5,325,900","115,037,650"
"Jul 28, 2018",0.266786,0.286774,0.253915,0.279981,"1,182,800","97,993,350"
"Jul 27, 2018",0.252518,0.283349,0.246192,0.26684,"2,030,030","93,394,000"
"Jul 26, 2018",0.245023,0.281131,0.243262,0.251831,"2,378,590","88,140,850"
"Jul 25, 2018",0.200765,0.262498,0.197738,0.243708,"4,145,790","85,297,800"
"Jul 24, 2018",0.195584,0.207308,0.183889,0.202624,"1,061,290","70,918,400"
"Jul 23, 2018",0.202412,0.213927,0.196369,0.19705,"751,454","68,967,500"
"Jul 22, 2018",0.223471,0.223888,0.200987,0.201422,"877,479","70,497,700"
"Jul 21, 2018",0.217565,0.222991,0.199057,0.222991,"987,338","78,046,850"
"Jul 20, 2018",0.228497,0.235086,0.212104,0.21645,"583,083","75,757,500"
"Jul 19, 2018",0.242828,0.244187,0.225724,0.229673,"684,897","80,385,550"
"Jul 18, 2018",0.248726,0.255757,0.229915,0.23978,"913,101","83,923,000"
"Jul 17, 2018",0.222514,0.254341,0.218476,0.248674,"849,921","87,035,900"
"Jul 16, 2018",0.200191,0.223189,0.192503,0.222559,"696,931","77,895,650"
"Jul 15, 2018",0.195647,0.201663,0.189206,0.19931,"398,773","69,758,500"
"Jul 14, 2018",0.201004,0.203627,0.192787,0.194691,"499,009","68,141,850"
"Jul 13, 2018",0.204858,0.217063,0.199866,0.200695,"776,288","70,243,250"
"Jul 12, 2018",0.206945,0.21178,0.193267,0.204594,"598,761","71,607,900"
"Jul 11, 2018",0.210715,0.215486,0.202571,0.206735,"531,092","72,357,250"
"Jul 10, 2018",0.235123,0.236526,0.207929,0.211167,"584,208","73,908,450"
"Jul 09, 2018",0.247927,0.253253,0.234844,0.235216,"575,313","82,325,600"
"Jul 08, 2018",0.24809,0.252688,0.239516,0.246745,"497,111","86,360,750"
"Jul 07, 2018",0.23108,0.255759,0.230163,0.249942,"1,712,400","87,479,700"
"Jul 06, 2018",0.218486,0.231747,0.215816,0.229949,"458,131","80,482,150"
"Jul 05, 2018",0.23113,0.241421,0.215229,0.218494,"646,977","76,472,900"
"Jul 04, 2018",0.235724,0.247761,0.230494,0.232286,"617,233","81,300,100"
"Jul 03, 2018",0.249639,0.260895,0.235103,0.236518,"721,174","82,781,300"
"Jul 02, 2018",0.222635,0.252846,0.212614,0.249,"832,198","87,150,000"
"Jul 01, 2018",0.226203,0.230038,0.214822,0.2212,"552,528","77,420,000"
"Jun 30, 2018",0.180985,0.227225,0.180985,0.226619,"1,331,670","79,316,650"
"Jun 29, 2018",0.166213,0.18346,0.162135,0.181072,"435,250","63,375,200"
"Jun 28, 2018",0.172153,0.175574,0.164628,0.166278,"1,015,270","58,197,300"
"Jun 27, 2018",0.170717,0.175756,0.165746,0.171995,"450,340","60,198,250"
"Jun 26, 2018",0.179486,0.185113,0.170625,0.170771,"466,123","59,769,850"
"Jun 25, 2018",0.186768,0.18904,0.178558,0.179697,"534,090","62,893,950"
"Jun 24, 2018",0.193838,0.193838,0.169898,0.186944,"486,218","65,430,400"
"Jun 23, 2018",0.185813,0.197427,0.184344,0.19366,"473,507","67,781,000"
"Jun 22, 2018",0.21227,0.213048,0.176818,0.186089,"976,667","65,131,150"
"Jun 21, 2018",0.22446,0.234165,0.212161,0.212881,"916,385","74,508,350"
"Jun 20, 2018",0.222616,0.241406,0.211512,0.225581,"1,090,550","78,953,350"
"Jun 19, 2018",0.209795,0.223699,0.209103,0.220765,"636,392","77,267,750"
"Jun 18, 2018",0.214128,0.219117,0.203779,0.21008,"649,237","73,528,000"
"Jun 17, 2018",0.222324,0.227596,0.210932,0.214002,"659,047","74,900,700"
"Jun 16, 2018",0.223513,0.231015,0.209285,0.222022,"491,185","77,707,700"
"Jun 15, 2018",0.239984,0.240677,0.222245,0.223557,"420,554","78,244,950"
"Jun 14, 2018",0.214586,0.246365,0.213462,0.239964,"1,224,850","83,987,400"
"Jun 13, 2018",0.228528,0.23177,0.200626,0.214526,"1,545,500","75,084,100"
"Jun 12, 2018",0.264913,0.269029,0.225996,0.228636,"1,093,790","80,022,600"
"Jun 11, 2018",0.242126,0.264211,0.241323,0.262975,"822,274","92,041,250"
"Jun 10, 2018",0.296918,0.296918,0.238184,0.241828,"1,404,290","84,639,800"
"Jun 09, 2018",0.295341,0.31023,0.290372,0.297624,"980,861","104,168,400"
"Jun 08, 2018",0.307156,0.320542,0.293531,0.293531,"1,653,140","102,735,850"
"Jun 07, 2018",0.330176,0.33441,0.302987,0.30677,"1,534,880","107,369,500"
"Jun 06, 2018",0.336001,0.344035,0.323187,0.329864,"958,238","115,452,400"
"Jun 05, 2018",0.339333,0.342375,0.32121,0.336191,"1,150,320","117,666,850"
"Jun 04, 2018",0.360814,0.363464,0.330667,0.340509,"1,482,450","119,178,150"
"Jun 03, 2018",0.368361,0.373085,0.360251,0.362294,"1,784,810","126,802,900"
"Jun 02, 2018",0.351132,0.370455,0.34644,0.36731,"1,931,240","128,558,500"
"Jun 01, 2018",0.344391,0.358604,0.34015,0.349503,"1,749,230","122,326,050"
"May 31, 2018",0.336011,0.35205,0.331817,0.344773,"1,893,860","120,670,550"
"May 30, 2018",0.351707,0.360788,0.332259,0.335834,"1,887,930","117,541,900"
"May 29, 2018",0.316005,0.353393,0.307569,0.351257,"2,054,720","122,939,950"
"May 28, 2018",0.345454,0.349226,0.31238,0.31585,"1,893,850","110,547,500"
"May 27, 2018",0.364613,0.364613,0.339327,0.345249,"1,537,460","120,837,150"
"May 26, 2018",0.342905,0.378707,0.341086,0.36462,"2,132,460","127,617,000"
"May 25, 2018",0.361846,0.368043,0.337588,0.342848,"884,160","119,996,800"
"May 24, 2018",0.347501,0.364461,0.32702,0.360526,"994,366","126,184,100"
"May 23, 2018",0.376795,0.38465,0.325221,0.34869,"1,671,040","122,041,500"
"May 22, 2018",0.424544,0.425094,0.375938,0.376997,"1,350,350","131,948,950"
"May 21, 2018",0.453276,0.459815,0.422359,0.424356,"1,486,740","148,524,600"
"May 20, 2018",0.45406,0.4668,0.447304,0.453171,"1,025,440","158,609,850"
"May 19, 2018",0.456888,0.469481,0.446857,0.453086,"1,142,290","158,580,100"
"May 18, 2018",0.443198,0.466155,0.431033,0.456841,"1,238,790","159,894,350"
"May 17, 2018",0.480957,0.489524,0.439751,0.444447,"1,213,040","155,556,450"
"May 16, 2018",0.504069,0.509343,0.47395,0.480891,"2,304,810","168,311,850"
"May 15, 2018",0.517117,0.540287,0.50276,0.504004,"4,057,270","176,401,400"
"May 14, 2018",0.503561,0.519388,0.467152,0.516912,"7,448,630","180,919,200"
"May 13, 2018",0.463815,0.507848,0.461998,0.503457,"7,268,850","176,209,950"
"May 12, 2018",0.465587,0.479527,0.435912,0.464764,"5,915,750","162,667,400"
"May 11, 2018",0.528553,0.542279,0.463324,0.467844,"7,637,640","163,745,400"
"May 10, 2018",0.540756,0.580562,0.526081,0.526373,"8,782,470","184,230,550"
"May 09, 2018",0.553441,0.566589,0.51874,0.539512,"8,745,840","188,829,200"
"May 08, 2018",0.575398,0.605246,0.550472,0.552857,"11,448,600","193,499,950"
"May 07, 2018",0.539151,0.576308,0.517246,0.573018,"11,589,100","200,556,300"
"May 06, 2018",0.569823,0.579571,0.515715,0.538399,"10,221,100","188,439,650"
"May 05, 2018",0.582434,0.605718,0.568581,0.571535,"8,913,690","200,037,250"
"May 04, 2018",0.568115,0.595175,0.545682,0.582583,"9,514,950","203,904,050"
"May 03, 2018",0.566081,0.580635,0.553803,0.567669,"12,504,300","198,684,150"
"May 02, 2018",0.548807,0.579055,0.542267,0.564701,"12,012,700","197,645,350"
"May 01, 2018",0.546737,0.56409,0.513602,0.550401,"11,765,500","192,640,350"
"Apr 30, 2018",0.518846,0.595504,0.501624,0.544691,"16,614,200","190,641,850"
"Apr 29, 2018",0.484039,0.524225,0.484039,0.515714,"13,234,600","180,499,900"
"Apr 28, 2018",0.452135,0.485825,0.44889,0.484476,"11,109,500","169,566,600"
"Apr 27, 2018",0.490388,0.490388,0.452005,0.452005,"9,550,110","158,201,750"
"Apr 26, 2018",0.437818,0.491522,0.427058,0.490148,"9,472,480","171,551,800"
"Apr 25, 2018",0.533049,0.533049,0.420517,0.434367,"11,093,000","152,028,450"
"Apr 24, 2018",0.492222,0.540175,0.492222,0.536824,"14,352,600","187,888,400"
"Apr 23, 2018",0.499589,0.50602,0.49108,0.492385,"13,159,300","172,334,750"
"Apr 22, 2018",0.491732,0.507285,0.484899,0.499311,"12,728,200","174,758,850"
"Apr 21, 2018",0.482384,0.49458,0.437563,0.491349,"13,561,900","171,972,150"
"Apr 20, 2018",0.483105,0.491307,0.46322,0.481416,"12,657,700","168,495,600"
"Apr 19, 2018",0.446446,0.482795,0.445759,0.482795,"12,987,800","168,978,250"
"Apr 18, 2018",0.418092,0.447514,0.418092,0.44629,"11,779,200","156,201,500"
"Apr 17, 2018",0.409593,0.442639,0.407598,0.416794,"11,459,000","145,877,900"
"Apr 16, 2018",0.42428,0.427754,0.395853,0.409538,"9,864,350","143,338,300"
"Apr 15, 2018",0.394515,0.427119,0.394515,0.423946,"10,745,200","148,381,100"
"Apr 14, 2018",0.38004,0.418225,0.374964,0.394007,"9,167,990","137,902,450"
"Apr 13, 2018",0.387293,0.419498,0.374365,0.381543,"11,271,600","133,540,050"
"Apr 12, 2018",0.358107,0.390432,0.339751,0.386811,"11,536,600","135,383,850"
"Apr 11, 2018",0.356482,0.37555,0.352602,0.359287,"10,603,500","125,750,450"
"Apr 10, 2018",0.318395,0.357976,0.313079,0.355836,"9,540,080","124,542,600"
"Apr 09, 2018",0.328047,0.339652,0.300099,0.311528,"9,020,550","109,034,800"
"Apr 08, 2018",0.30624,0.330459,0.300253,0.327094,"10,058,800","114,482,900"
"Apr 07, 2018",0.275059,0.305454,0.275013,0.304124,"8,668,510","106,443,400"
"Apr 06, 2018",0.285239,0.290033,0.270799,0.275062,"7,671,220","96,271,700"
"Apr 05, 2018",0.289063,0.308896,0.272381,0.286925,"9,738,160","100,423,750"
"Apr 04, 2018",0.295325,0.300448,0.269061,0.290161,"8,929,810","101,556,350"
"Apr 03, 2018",0.273958,0.298269,0.269954,0.295473,"8,705,370","103,415,550"
"Apr 02, 2018",0.262899,0.279084,0.259882,0.273684,"7,697,230","95,789,400"
"Apr 01, 2018",0.280087,0.284584,0.244567,0.26158,"7,962,260","91,553,000"
"Mar 31, 2018",0.286772,0.298324,0.278543,0.280171,"7,349,410","98,059,850"
"Mar 30, 2018",0.280455,0.306109,0.268745,0.287494,"7,631,570","100,622,900"
"Mar 29, 2018",0.352725,0.354318,0.275649,0.280161,"8,848,710","98,056,350"
"Mar 28, 2018",0.343633,0.359677,0.33634,0.351367,"8,432,800","122,978,450"
"Mar 27, 2018",0.371228,0.372369,0.337205,0.342625,"6,654,480","119,918,750"
"Mar 26, 2018",0.405745,0.413622,0.346954,0.371496,"9,116,330","130,023,600"
"Mar 25, 2018",0.410346,0.418074,0.393788,0.406105,"8,585,700","142,136,750"
"Mar 24, 2018",0.414342,0.433272,0.401918,0.419085,"8,999,810","146,679,750"
"Mar 23, 2018",0.419889,0.427333,0.37922,0.40914,"9,846,940","143,199,000"
"Mar 22, 2018",0.444646,0.457575,0.390708,0.419292,"10,720,800","146,752,200"
"Mar 21, 2018",0.392459,0.455803,0.39006,0.445421,"12,823,600","155,897,350"
"Mar 20, 2018",0.387416,0.401789,0.361059,0.391713,"8,897,510","137,099,550"
"Mar 19, 2018",0.371102,0.38631,0.353199,0.381644,"8,994,920","133,575,400"
"Mar 18, 2018",0.372332,0.380326,0.284184,0.373338,"9,742,300","130,668,300"
"Mar 17, 2018",0.423994,0.423994,0.366734,0.373861,"9,340,520","130,851,350"
"Mar 16, 2018",0.417999,0.442162,0.416015,0.42442,"10,271,100","148,547,000"
"Mar 15, 2018",0.442636,0.444595,0.396093,0.419737,"8,460,960","146,907,950"
"Mar 14, 2018",0.566199,0.577406,0.431777,0.443609,"5,288,160","155,263,150"
"Mar 13, 2018",0.507505,0.565642,0.504771,0.563841,"4,227,540","197,344,350"
"Mar 12, 2018",0.510991,0.563421,0.49624,0.510198,"5,513,180","178,569,300"
"Mar 11, 2018",0.465669,0.516688,0.446866,0.513524,"2,527,380","179,733,400"
"Mar 10, 2018",0.478701,0.511314,0.466054,0.46771,"2,491,710","163,698,500"
"Mar 09, 2018",0.485427,0.492362,0.431485,0.480877,"3,412,130","168,306,950"
"Mar 08, 2018",0.517473,0.52354,0.461371,0.486422,"3,397,200","170,247,700"
"Mar 07, 2018",0.533835,0.567519,0.455621,0.521148,"5,364,650","182,401,800"
"Mar 06, 2018",0.58369,0.58369,0.529083,0.53387,"3,218,950","186,854,500"
"Mar 05, 2018",0.594186,0.608093,0.576373,0.586738,"4,530,590","205,358,300"
"Mar 04, 2018",0.629218,0.640109,0.57463,0.592818,"4,243,320","207,486,300"
"Mar 03, 2018",0.652153,0.669431,0.615337,0.628706,"3,547,810","220,047,100"
"Mar 02, 2018",0.661663,0.673799,0.646619,0.652742,"3,763,040","228,459,700"
"Mar 01, 2018",0.662293,0.680856,0.649849,0.663065,"3,992,240","232,072,750"
"Feb 28, 2018",0.724143,0.740327,0.661052,0.661447,"4,943,770","231,506,450"
"Feb 27, 2018",0.69186,0.73518,0.676655,0.723957,"5,426,840","253,384,950"
"Feb 26, 2018",0.672751,0.698348,0.641757,0.691446,"4,113,690","242,006,100"
"Feb 25, 2018",0.646013,0.699827,0.636775,0.675715,"5,793,540","236,500,250"
"Feb 24, 2018",0.676026,0.718403,0.618498,0.650958,"5,582,380","227,835,300"
"Feb 23, 2018",0.601214,0.676693,0.572225,0.674791,"6,902,820","236,176,850"
"Feb 22, 2018",0.654794,0.713841,0.584273,0.601923,"5,678,200","210,673,050"
"Feb 21, 2018",0.695364,0.734271,0.623681,0.653669,"7,049,450","228,784,150"
"Feb 20, 2018",0.771259,0.820339,0.698196,0.699926,"11,664,800","244,974,100"
"Feb 19, 2018",0.760064,0.875907,0.7105,0.774362,"29,965,000","271,026,700"
"Feb 18, 2018",0.676664,0.781357,0.587149,0.761761,"15,946,800","266,616,350"
"Feb 17, 2018",0.644339,0.683901,0.636546,0.672487,"8,038,940","235,370,450"
"Feb 16, 2018",0.561803,0.666601,0.557657,0.639628,"9,385,160","223,869,800"
"Feb 15, 2018",0.568245,0.579358,0.529747,0.565251,"7,288,970","197,837,850"
"Feb 14, 2018",0.564205,0.587916,0.532434,0.568253,"11,953,100","198,888,550"
"Feb 13, 2018",0.48893,0.62475,0.482524,0.570759,"30,283,200","199,765,650"
"Feb 12, 2018",0.417541,0.519708,0.414619,0.490282,"7,646,360","171,598,700"
"Feb 11, 2018",0.419716,0.435649,0.378313,0.416157,"2,544,010","145,654,950"
"Feb 10, 2018",0.435503,0.480114,0.400166,0.419874,"3,474,900","146,955,900"
"Feb 09, 2018",0.412028,0.44002,0.391976,0.435194,"3,047,610","152,317,900"
"Feb 08, 2018",0.375524,0.433127,0.375524,0.41108,"5,285,960","143,878,000"
"Feb 07, 2018",0.425813,0.443644,0.373128,0.376771,"5,201,810","131,869,850"
"Feb 06, 2018",0.343707,0.438514,0.272057,0.425248,"6,105,750","148,836,800"
"Feb 05, 2018",0.430158,0.437098,0.307245,0.341506,"4,347,320","119,527,100"
"Feb 04, 2018",0.518612,0.525754,0.403487,0.434371,"5,171,480","152,029,850"
"Feb 03, 2018",0.500117,0.544792,0.453403,0.518558,"5,826,330","181,495,300"
"Feb 02, 2018",0.51844,0.523837,0.35195,0.494574,"7,123,780","173,100,900"
"Feb 01, 2018",0.619959,0.623401,0.480307,0.520347,"6,605,630","182,121,450"
"Jan 31, 2018",0.598872,0.62402,0.565813,0.620146,"6,957,010","217,051,100"
"Jan 30, 2018",0.700005,0.700005,0.562775,0.596778,"5,598,540","208,872,300"
"Jan 29, 2018",0.756799,0.761525,0.685925,0.697712,"5,220,320","244,199,200"
"Jan 28, 2018",0.789529,0.855933,0.751998,0.760601,"9,034,380","266,210,350"
"Jan 27, 2018",0.710961,0.846373,0.689705,0.780675,"14,915,400","273,236,250"
"Jan 26, 2018",0.756811,0.787677,0.678423,0.709853,"5,618,280","248,448,550"
"Jan 25, 2018",0.800383,0.832663,0.720689,0.760437,"6,271,900","266,152,950"
"Jan 24, 2018",0.798848,0.834116,0.766961,0.792863,"6,451,640","277,502,050"
"Jan 23, 2018",0.802235,0.862839,0.718654,0.801917,"7,552,930","280,670,950"
"Jan 22, 2018",0.905794,1.02,0.734843,0.802858,"12,408,600","281,000,300"
"Jan 21, 2018",1.2,1.2,0.840487,0.887828,"22,703,900","310,739,800"
"Jan 20, 2018",0.820674,1.22,0.805499,1.22,"13,848,900","426,755,000"
"Jan 19, 2018",0.73917,0.908227,0.703131,0.812905,"7,383,730","284,516,750"
"Jan 18, 2018",0.702454,0.81982,0.691333,0.74423,"5,953,820","260,480,500"
"Jan 17, 2018",0.751847,0.768202,0.479321,0.698634,"7,658,770","244,521,900"
"Jan 16, 2018",0.881772,0.881772,0.524756,0.756453,"8,988,860","264,758,550"
"Jan 15, 2018",1.01,1.04,0.848422,0.877688,"8,351,260","307,190,800"
"Jan 14, 2018",1.11,1.15,0.941085,1.01,"5,844,480","353,794,000"
"Jan 13, 2018",1.05,1.28,1.05,1.1,"12,319,900","385,430,500"
"Jan 12, 2018",1.03,1.14,0.989549,1.05,"9,231,200","368,046,000"
"Jan 11, 2018",1.18,1.29,0.972191,1.01,"10,009,300","353,615,500"
"Jan 10, 2018",1.24,1.26,1.09,1.19,"11,260,700","416,048,500"
"Jan 09, 2018",1.38,1.42,1.18,1.23,"14,301,200","429,898,000"
"Jan 08, 2018",1.27,1.44,1.05,1.38,"25,545,400","482,055,000"
"Jan 07, 2018",1.09,1.32,1.01,1.27,"23,308,800","444,661,000"
"Jan 06, 2018",0.964796,1.19,0.938462,1.06,"16,319,300","372,249,500"
"Jan 05, 2018",0.958734,1.26,0.851669,0.907486,"23,599,300","317,620,100"
"Jan 04, 2018",0.680094,1.02,0.680094,0.984368,"24,679,000","344,528,800"
"Jan 03, 2018",0.669799,0.70425,0.629135,0.681167,"8,620,400","238,408,450"
"Jan 02, 2018",0.729082,0.764335,0.585715,0.673712,"12,671,100","235,799,200"
"Jan 01, 2018",0.600415,0.736103,0.574218,0.733563,"11,506,300","256,747,050"
"Dec 31, 2017",0.558809,0.613538,0.524516,0.601552,"9,962,080","210,543,200"
"Dec 30, 2017",0.488004,0.586128,0.433333,0.586128,"9,126,190","205,144,800"
"Dec 29, 2017",0.508161,0.518447,0.46116,0.486348,"5,757,530","170,221,800"
"Dec 28, 2017",0.502782,0.513637,0.436507,0.506697,"5,458,410","177,343,950"
"Dec 27, 2017",0.51571,0.530669,0.460536,0.505501,"6,065,390","176,925,350"
"Dec 26, 2017",0.506289,0.549637,0.435954,0.521421,"10,452,900","182,497,350"
"Dec 25, 2017",0.549337,0.584542,0.48899,0.501933,"7,740,550","175,676,550"
"Dec 24, 2017",0.584562,0.604374,0.44383,0.544162,"15,183,200","190,456,700"
"Dec 23, 2017",0.439272,0.723386,0.439272,0.57768,"24,055,000","202,188,000"
"Dec 22, 2017",0.427648,0.456331,0.283609,0.426878,"14,979,800","149,407,300"
"Dec 21, 2017",0.378562,0.466434,0.368811,0.424287,"12,030,600","148,500,450"
"Dec 20, 2017",0.438729,0.438729,0.352756,0.372796,"10,481,200","130,478,600"
"Dec 19, 2017",0.431075,0.508603,0.415128,0.439356,"13,254,800","153,774,600"
"Dec 18, 2017",0.418269,0.434907,0.362783,0.434907,"18,220,400","152,217,450"
"Dec 17, 2017",0.341848,0.444421,0.339906,0.417596,"20,035,600","146,158,600"
"Dec 16, 2017",0.318199,0.35286,0.293005,0.341393,"13,859,700","119,487,550"
"Dec 15, 2017",0.312604,0.354452,0.258224,0.320793,"13,211,800","112,277,550"
"Dec 14, 2017",0.26132,0.366843,0.253102,0.308503,"16,021,700","107,976,050"
"Dec 13, 2017",0.231428,0.288013,0.224191,0.261878,"10,439,800","91,657,300"
"Dec 12, 2017",0.254114,0.270264,0.209596,0.231424,"10,320,200","80,998,400"
"Dec 11, 2017",0.255079,0.287951,0.245527,0.260592,"7,534,170","91,207,200"
"Dec 10, 2017",0.241055,0.267001,0.215909,0.252898,"3,142,570","88,514,300"
"Dec 09, 2017",0.244985,0.267705,0.226415,0.238859,"3,173,600","83,600,650"
"Dec 08, 2017",0.260004,0.273486,0.211824,0.245226,"4,528,570","85,829,100"
"Dec 07, 2017",0.28369,0.308353,0.235807,0.260064,"6,697,780","91,022,400"
"Dec 06, 2017",0.312358,0.353649,0.267842,0.29157,"12,387,900","102,049,500"
"Dec 05, 2017",0.22927,0.313877,0.221351,0.313877,"12,459,200","109,856,950"
"Dec 04, 2017",0.232595,0.25327,0.206793,0.229581,"6,981,590","80,353,350"
"Dec 03, 2017",0.207998,0.255528,0.193607,0.230629,"8,765,840","80,720,150"
"Dec 02, 2017",0.177941,0.222175,0.167361,0.207898,"7,396,790","72,764,300"
"Dec 01, 2017",0.169528,0.179564,0.16127,0.177823,"4,352,980","62,238,050"
"Nov 30, 2017",0.14736,0.176797,0.142163,0.170461,"4,621,870","59,661,350"
"Nov 29, 2017",0.176567,0.182296,0.137963,0.145255,"5,052,720","50,839,250"
"Nov 28, 2017",0.186821,0.192135,0.175586,0.176424,"5,251,760","61,748,400"
"Nov 27, 2017",0.182888,0.185542,0.171907,0.184168,"4,242,550","64,458,800"
"Nov 26, 2017",0.183492,0.185923,0.170017,0.182888,"1,860,700","64,010,800"
"Nov 25, 2017",0.192811,0.193242,0.174594,0.180959,"2,292,830","63,335,650"
"Nov 24, 2017",0.165317,0.193379,0.155927,0.192921,"3,763,260","67,522,350"
"Nov 23, 2017",0.169655,0.190338,0.157085,0.164384,"3,325,760","57,534,400"
"Nov 22, 2017",0.15698,0.174569,0.150318,0.168515,"2,709,660","58,980,250"
"Nov 21, 2017",0.163476,0.168005,0.153796,0.154972,"1,952,710","54,240,200"
"Nov 20, 2017",0.162366,0.166283,0.156672,0.162183,"1,916,880","56,764,050"
"Nov 19, 2017",0.170798,0.173812,0.157416,0.162354,"1,646,620","56,823,900"
"Nov 18, 2017",0.155009,0.177912,0.150702,0.170872,"1,948,470","59,805,200"
"Nov 17, 2017",0.169455,0.171535,0.152477,0.159649,"2,547,360","55,877,150"
"Nov 16, 2017",0.187482,0.188444,0.164531,0.169761,"1,766,160","59,416,350"
"Nov 15, 2017",0.187613,0.193513,0.17603,0.186138,"1,689,780","65,148,300"
"Nov 14, 2017",0.184815,0.199968,0.1704,0.188114,"2,203,410","65,839,900"
"Nov 13, 2017",0.169117,0.205014,0.168743,0.183071,"2,992,650","64,074,850"
"Nov 12, 2017",0.179667,0.198376,0.145948,0.170898,"5,455,200","59,814,300"
"Nov 11, 2017",0.186398,0.197687,0.166026,0.17977,"2,238,980","62,919,500"
"Nov 10, 2017",0.2247,0.23128,0.180161,0.187602,"2,125,460","65,660,700"
"Nov 09, 2017",0.216713,0.248233,0.195411,0.223969,"3,347,920","78,389,150"
"Nov 08, 2017",0.177328,0.258522,0.171102,0.213909,"5,493,180","74,868,150"
"Nov 07, 2017",0.167836,0.177565,0.162294,0.177539,"1,267,510","62,138,650"
"Nov 06, 2017",0.17337,0.17347,0.156914,0.167456,"1,599,470","58,609,600"
"Nov 05, 2017",0.176922,0.182497,0.169625,0.172059,"1,080,670","60,220,650"
"Nov 04, 2017",0.170295,0.185698,0.162385,0.177603,"1,757,130","62,161,050"
"Nov 03, 2017",0.161143,0.188294,0.158104,0.171798,"2,411,460","60,129,300"
"Nov 02, 2017",0.156799,0.194406,0.138434,0.167427,"3,643,740","58,599,450"
"Nov 01, 2017",0.190372,0.190372,0.155311,0.157611,"3,130,450","55,163,850"
"Oct 31, 2017",0.211457,0.221311,0.184711,0.193912,"2,251,570","67,869,200"
"Oct 30, 2017",0.199246,0.210863,0.195898,0.209849,"1,492,410","73,447,150"
"Oct 29, 2017",0.205613,0.218749,0.182713,0.198876,"2,352,990","69,606,600"
"Oct 28, 2017",0.22461,0.227004,0.199226,0.206531,"1,522,820","72,285,850"
"Oct 27, 2017",0.227601,0.235078,0.219734,0.224644,"1,419,580","78,625,400"
"Oct 26, 2017",0.254033,0.254033,0.224187,0.227041,"1,681,240","79,464,350"
"Oct 25, 2017",0.255253,0.257736,0.235772,0.254435,"2,161,880","89,052,250"
"Oct 24, 2017",0.244765,0.294806,0.236123,0.254453,"3,665,750","89,058,550"
"Oct 23, 2017",0.263856,0.276816,0.228412,0.248675,"2,972,470","87,036,250"
"Oct 22, 2017",0.258186,0.285979,0.249826,0.264695,"4,038,780","92,643,250"
"Oct 21, 2017",0.223434,0.266299,0.203227,0.252681,"5,154,740","88,438,350"
"Oct 20, 2017",0.298908,0.323952,0.21627,0.223874,"7,715,660","78,355,900"
"Oct 19, 2017",0.367808,0.377265,0.293921,0.3,"5,812,480","105,000,000"
"Oct 18, 2017",0.402731,0.402731,0.32579,0.366229,"5,336,930","128,180,150"
"Oct 17, 2017",0.422383,0.422383,0.359183,0.400848,"6,321,060","140,296,800"
"Oct 16, 2017",0.415525,0.527722,0.389498,0.423807,"12,123,000","148,332,450"
"Oct 15, 2017",0.391134,0.423696,0.37072,0.413516,"5,135,330","144,730,600"
"Oct 14, 2017",0.434848,0.459368,0.389206,0.39186,"4,219,350","137,151,000"
"Oct 13, 2017",0.441636,0.47379,0.414082,0.434603,"7,521,630","152,111,050"
"Oct 12, 2017",0.452886,0.475765,0.423021,0.444011,"8,959,280","155,403,850"
"Oct 11, 2017",0.416346,0.454111,0.408787,0.450463,"5,477,860","157,662,050"
"Oct 10, 2017",0.380399,0.43306,0.360251,0.407469,"7,138,890","142,614,150"
"Oct 09, 2017",0.404506,0.43956,0.357163,0.380589,"6,781,680","133,206,150"
"Oct 08, 2017",0.462486,0.473417,0.358079,0.397137,"7,203,350","138,997,950"
"Oct 07, 2017",0.472246,0.476171,0.423777,0.463657,"7,408,570","162,279,950"
"Oct 06, 2017",0.406319,0.48505,0.404342,0.475765,"12,167,500","166,517,750"
"Oct 05, 2017",0.39703,0.417906,0.378043,0.406538,"6,291,110","142,288,300"
"Oct 04, 2017",0.343186,0.398695,0.336883,0.397361,"7,604,930","139,076,350"
"Oct 03, 2017",0.367254,0.367254,0.295817,0.345535,"8,211,990","120,937,250"
"Oct 02, 2017",0.437667,0.440264,0.356767,0.356767,"7,101,340","124,868,450"
"Oct 01, 2017",0.451547,0.451884,0.382034,0.436647,"10,005,100","152,826,450"
"Sep 30, 2017",0.312497,0.472558,0.300089,0.451364,"23,440,700","157,977,400"
"Sep 29, 2017",0.245437,0.334931,0.214421,0.30844,"8,896,430","107,954,000"
"Sep 28, 2017",0.193377,0.28382,0.19131,0.243795,"8,113,680","85,328,250"
"Sep 27, 2017",0.194737,0.206099,0.194253,0.194586,"1,097,010","68,105,100"
"Sep 26, 2017",0.182039,0.223162,0.182039,0.194958,"1,319,050","68,235,300"
"Sep 25, 2017",0.170636,0.182637,0.15858,0.182198,"1,021,370","63,769,300"
"Sep 24, 2017",0.13111,0.19025,0.130275,0.170278,"1,025,740","59,597,300"
"Sep 23, 2017",0.149562,0.15744,0.126297,0.131129,"1,186,670","45,895,150"
"Sep 22, 2017",0.169826,0.181675,0.139869,0.150503,"1,423,220","52,676,050"
"Sep 21, 2017",0.189132,0.207892,0.155292,0.16968,"2,126,270","59,388,000"
"Sep 20, 2017",0.156494,0.189448,0.152489,0.189165,"2,718,640","66,207,750"